Efficiency,Speed (RPM),Torque (Nm)
0.5,127.2350069,221.3141025
0.5,127.2357886,201.3587082
0.5,123.2093982,189.7012969
0.5,123.209909,176.6611382
0.5,123.2104198,163.6209796
0.5,123.2109306,150.5808209
0.5,123.2114414,137.5406622
0.5,123.2119522,124.5005036
0.5,123.2126952,105.5330001
0.5,131.2606427,252.2353845
0.5,129.2479738,232.9713639
0.5,128.5823277,92.69081917
0.5,133.2733348,270.9066706
0.5,134.2876333,77.23075262
0.5,146.790805,302.3226045
0.5,139.313141,282.7618099
0.5,147.364908,331.9593715
0.5,143.3387575,314.1770373
0.5,149.3890005,59.5980256
0.5,150.0486213,353.6931691
0.5,155.4169013,375.377772
0.5,161.4561537,401.3696287
0.5,171.5372481,44.569621
0.5,167.4957146,419.4879957
0.5,169.508666,431.5404134
0.5,175.5483561,446.3592251
0.5,196.6872047,499.9291776
0.5,184.9431174,477.3796958
0.5,207.7792865,33.98007616
0.5,199.7065361,520.4528339
0.5,207.759313,543.8664455
0.5,203.7330116,529.9368854
0.5,215.8121055,566.8849008
0.5,229.0417578,603.0483342
0.5,219.8383643,581.9011408
0.5,252.0749017,26.38559457
0.5,239.9708388,626.8516711
0.5,269.4982252,698.9797768
0.5,251.0437569,650.1173238
0.5,260.1034836,667.4554818
0.5,264.1298198,680.4959402
0.5,296.3703874,22.09605677
0.5,282.2491804,717.5431942
0.5,292.3156711,733.5477746
0.5,304.3955118,751.4294973
0.5,312.4486758,764.9642008
0.5,335.8580726,800.1594497
0.5,324.528501,783.2410799
0.5,340.6658105,19.40510592
0.5,384.9612506,16.28307544
0.5,429.2566047,15.35236639
0.5,466.3036491,14.04033086
0.5,517.8473349,12.93413711
0.5,562.1426335,13.4223985
0.5,606.4379848,12.56353605
0.5,650.7333277,11.92021342
0.5,695.0286896,10.79192621
0.5,739.3240326,10.14860358
0.5,783.6193628,9.828590663
0.5,827.9147205,8.808073359
0.5,872.2100507,8.488060446
0.5,916.5053704,8.437472299
0.5,960.8006817,8.602423964
0.5,1005.095989,8.875145536
0.5,1049.391302,8.986212248
0.5,1093.68662,8.989509054
0.5,1137.981937,8.992805859
0.5,1182.277255,8.996102665
0.5,1226.572572,8.999399471
0.5,1270.867896,8.841041418
0.5,1315.163248,7.982178973
0.5,1359.458572,7.823820919
0.5,1403.753855,8.689276976
0.5,1448.04916,9.0158835
0.5,1492.344478,9.019180306
0.5,1536.639836,7.998663002
0.5,1580.935153,8.001959808
0.5,1625.230441,8.759645958
0.5,1669.525795,7.84689856
0.5,1713.821112,7.850195366
0.5,1758.116409,8.392341703
0.5,1802.411747,7.856788978
0.5,1846.707057,8.075625596
0.5,1891.002359,8.456117074
0.5,1935.297677,8.45941388
0.5,1979.593003,8.247170873
0.5,2023.888318,8.304352632
0.5,2068.183644,8.092109625
0.5,2112.47897,7.879866619
0.5,2156.774275,8.206473143
0.5,2201.069597,8.102000043
0.5,2245.364911,8.213066755
0.5,2289.660241,7.893053842
0.5,2333.955558,7.896350648
0.5,2378.25087,8.061302313
0.5,2422.546189,8.010714166
0.5,2466.841511,7.906241065
0.5,2511.136829,7.909537871
0.5,2555.432142,8.020604583
0.5,2599.727464,7.916131483
0.5,2644.022775,8.081083148
0.5,2688.318076,8.515459579
0.5,2732.613396,8.464871432
0.5,2776.908711,8.522053191
0.5,2821.203993,9.441394201
0.5,2853.418782,9.120482159
0.5,2962.143699,7.943105349
0.5,3006.43901,8.108057014
0.5,3050.734311,8.542433445
0.5,3095.029628,8.545730251
0.5,3139.324946,8.549027057
0.5,3183.620263,8.552323863
0.5,3227.915581,8.555620669
0.5,3258.287889,8.089096937
0.55,154.7528631,194.0503642
0.55,149.3846006,171.9212105
0.55,149.3851114,158.8810518
0.55,149.3856222,145.8408931
0.55,149.386133,132.8007345
0.55,148.71558,117.7847442
0.55,157.4360192,230.0097894
0.55,155.4233387,211.042136
0.55,158.4479185,97.58310152
0.55,171.5271777,301.6470347
0.55,163.4752914,255.4978218
0.55,163.4821022,81.62903961
0.55,165.4881344,270.3163338
0.55,171.5278942,283.356942
0.55,175.5632703,65.62610764
0.55,183.6060903,343.2240241
0.55,179.5800327,323.0707519
0.55,187.6322098,361.796671
0.55,197.4101336,401.6686719
0.55,193.6717451,380.567046
0.55,203.7518459,49.13042912
0.55,209.1062662,424.6281249
0.55,213.8034147,446.0657051
0.55,235.6089208,503.6613623
0.55,239.9939215,37.5927657
0.55,229.9092124,486.6692161
0.55,246.0150914,525.1981565
0.55,250.0413116,541.2022873
0.55,258.0944542,555.2803307
0.55,266.1473879,574.6929845
0.55,285.0949397,29.14157329
0.55,277.5560681,593.0686027
0.55,288.2934584,615.2404942
0.55,298.3599702,630.708791
0.55,307.4195924,650.7142542
0.55,332.6119272,24.23619063
0.55,318.4926381,670.7198673
0.55,328.5591714,685.6377678
0.55,344.6659689,700.7207663
0.55,348.6921606,717.4493503
0.55,360.7719665,736.2201748
0.55,378.1154061,21.50222173
0.55,372.8518576,752.8176395
0.55,384.9319034,765.463541
0.55,399.0251967,782.6044955
0.55,421.2027256,20.0756812
0.55,413.3052847,800.1492749
0.55,465.4981607,17.07938228
0.55,509.7934307,18.29509053
0.55,554.0888106,16.70878122
0.55,598.3841934,15.04703297
0.55,642.6795313,14.53303423
0.55,686.9748977,13.28799629
0.55,731.2702463,12.50098045
0.55,775.5655783,12.1360634
0.55,819.8609588,10.53179244
0.55,864.156281,10.41833852
0.55,908.4515739,11.05029311
0.55,952.7469049,10.71231854
0.55,997.0422373,10.33842068
0.55,1041.337554,10.36865996
0.55,1085.632874,10.30011016
0.55,1129.928196,10.19563706
0.55,1174.223507,10.37855038
0.55,1218.518824,10.38184718
0.55,1262.814127,10.75156167
0.55,1307.109425,11.26679815
0.55,1351.404738,11.39282203
0.55,1395.70006,11.26437832
0.55,1439.995378,11.26767512
0.55,1484.290711,10.87761177
0.55,1528.586043,10.50371391
0.55,1572.881361,10.50701071
0.55,1617.176657,11.07071103
0.55,1661.471966,11.28415915
0.55,1705.767283,11.28745596
0.55,1750.062606,11.1572487
0.55,1794.357931,10.98811365
0.55,1838.653255,10.82315879
0.55,1882.948572,10.82645559
0.55,1927.24389,10.8297524
0.55,1971.5392,11.02164654
0.55,2015.834519,10.99800087
0.55,2060.129831,11.13601006
0.55,2104.425149,11.13930687
0.55,2148.720466,11.14260367
0.55,2193.015784,11.14590048
0.55,2237.311101,11.14919728
0.55,2281.606419,11.15249409
0.55,2325.901716,11.68925193
0.55,2370.197029,11.81109563
0.55,2414.492346,11.81439244
0.55,2458.787664,11.81768925
0.55,2503.082985,11.72399314
0.55,2547.378299,11.82428286
0.55,2591.673623,11.67252162
0.55,2635.968946,11.52076037
0.55,2680.264266,11.46478373
0.55,2724.559607,10.87534605
0.55,2768.854925,10.87864286
0.55,2813.150242,10.88193966
0.55,2843.351595,10.88418748
0.55,2994.358364,10.78586052
0.55,3038.653677,10.8987234
0.55,3082.948995,10.90202021
0.55,3127.244312,10.90531701
0.55,3171.53963,10.90861382
0.55,3215.834947,10.91191062
0.55,3256.477048,10.67784173
0.55,406.3828355,791.6305499
0.6,186.6044849,190.8611899
0.6,206.5607275,302.1492327
0.6,186.2971795,176.6658337
0.6,185.6266652,160.6619527
0.6,185.627176,147.621794
0.6,185.6276868,134.5816353
0.6,184.9571571,118.9729106
0.6,191.4185491,101.9499159
0.6,193.6777124,228.2342833
0.6,195.6966774,86.76846948
0.6,199.7172554,246.8070801
0.6,203.7434756,262.8112109
0.6,207.7695951,281.3838578
0.6,209.7911781,73.08723078
0.6,223.8748801,335.0769221
0.6,219.8485264,322.4810146
0.6,229.9259919,58.31976174
0.6,229.9143438,355.674895
0.6,227.9030564,301.1431725
0.6,234.6117748,369.9008723
0.6,271.2461441,459.5991451
0.6,248.0336608,393.8335261
0.6,264.1546555,46.48558123
0.6,252.059642,415.9378827
0.6,260.1126666,433.0289931
0.6,268.1657687,448.1443219
0.6,292.7655007,500.0845121
0.6,308.4503763,36.19685198
0.6,297.9237439,516.9037371
0.6,308.4309034,533.3035066
0.6,312.45717,548.1221684
0.6,324.5369449,567.6833056
0.6,332.5901282,580.7240637
0.6,352.7459113,30.64999861
0.6,354.449374,600.6663002
0.6,360.77644,622.0199974
0.6,368.8296001,635.65349
0.6,380.9094447,653.4364236
0.6,397.0414019,26.23472926
0.6,390.9759431,669.2434258
0.6,403.0559677,682.4326673
0.6,416.5739449,700.9048794
0.6,441.3368314,23.38212354
0.6,429.2289546,721.2093296
0.6,441.3089927,734.0528092
0.6,455.4023673,749.119193
0.6,472.0258572,763.9684292
0.6,485.6321722,22.79268586
0.6,488.6227569,777.165416
0.6,515.362368,800.7119594
0.6,499.9468194,788.7423016
0.6,529.9275869,20.31727482
0.6,576.6390865,18.4347781
0.6,618.5183466,17.1446562
0.6,662.8137064,16.07025394
0.6,707.1090092,16.45074542
0.6,751.404376,15.19672665
0.6,795.6996823,15.48740987
0.6,839.995002,15.43682173
0.6,884.2903534,14.57795928
0.6,928.5856815,14.31183132
0.6,972.881016,13.8840485
0.6,1017.176346,13.56403559
0.6,1061.47166,13.6751023
0.6,1105.76704,12.06185051
0.6,1150.062362,11.95737741
0.6,1194.357642,12.93060338
0.6,1238.652966,12.77224532
0.6,1282.948292,12.56000231
0.6,1327.243609,12.56329912
0.6,1371.538948,12.0277464
0.6,1415.834268,11.97715825
0.6,1460.129585,11.98045505
0.6,1504.424903,11.98375186
0.6,1548.720221,11.98704867
0.6,1593.015551,11.66703575
0.6,1637.310889,11.13148303
0.6,1681.606218,10.86535507
0.6,1725.901527,11.08419168
0.6,1770.19683,11.46468316
0.6,1814.492126,12.0068295
0.6,1858.787444,12.01012631
0.6,1903.082765,11.90565321
0.6,1947.378113,11.15456067
0.6,1991.673443,10.83454775
0.6,2035.96876,10.83784456
0.6,2080.264078,10.84114137
0.6,2124.559396,10.84443817
0.6,2168.854688,11.49435442
0.6,2213.149984,12.03650075
0.6,2257.445302,12.03979756
0.6,2301.740619,12.04309436
0.6,2346.035937,12.04639117
0.6,2390.331255,12.04968798
0.6,2434.626572,12.05298478
0.6,2478.92189,12.05628159
0.6,2523.217207,12.05957839
0.6,2567.512525,12.0628752
0.6,2611.807843,12.06617201
0.6,2656.10316,12.06946881
0.6,2700.398478,12.07276562
0.6,2744.693795,12.07606242
0.6,2788.989104,12.29489904
0.6,2833.28443,12.08265603
0.6,2882.609341,12.08632718
0.6,2987.915362,11.97561799
0.6,3030.599936,12.09734181
0.6,3074.895254,12.10063861
0.6,3119.190571,12.10393542
0.6,3163.485889,12.10723222
0.6,3207.781206,12.11052903
0.6,3258.177483,12.11427992
0.6,191.076338,211.2663952
0.65,235.0658815,199.3909521
0.65,235.3892583,102.7470294
0.65,233.9481565,177.8548492
0.65,233.9486673,164.8146906
0.65,233.9491781,151.7745319
0.65,233.9496889,138.7343732
0.65,233.2791592,123.1256485
0.65,239.9868017,219.3467127
0.65,244.0130528,234.5605309
0.65,252.0659885,253.9237901
0.65,254.0861822,81.09244313
0.65,264.6479864,302.4054681
0.65,256.0923092,267.3594048
0.65,260.1185913,281.7829104
0.65,274.2209767,66.8189195
0.65,276.2243542,323.2755231
0.65,280.2505976,338.6869194
0.65,288.3036028,356.2719753
0.65,306.4362747,53.50454908
0.65,308.4361008,400.6248316
0.65,296.3564901,376.870098
0.65,318.5023784,422.0677509
0.65,328.5689156,436.8868623
0.65,332.595159,452.2982586
0.65,348.7185829,42.93546822
0.65,344.6749649,471.0690831
0.65,356.7550958,481.5416248
0.65,368.0290354,512.9969073
0.65,393.0141601,36.31091579
0.65,380.9141426,533.5064795
0.65,390.9806624,548.7701418
0.65,401.0471473,564.9229058
0.65,415.1404038,583.0023566
0.65,437.309655,31.78787653
0.65,435.2739154,601.4774132
0.65,443.3270744,615.1391312
0.65,453.3936281,629.5348609
0.65,466.4803702,642.5759936
0.65,481.6050824,28.98915577
0.65,477.5535959,657.9879144
0.65,489.633634,670.831394
0.65,513.981652,698.3860265
0.65,499.7003011,682.3340149
0.65,525.9005393,25.43604567
0.65,529.9003864,714.696743
0.65,543.9937861,729.1209978
0.65,570.1958991,24.36164341
0.65,560.1006344,742.9032734
0.65,578.2209412,755.7965971
0.65,600.3679305,772.8887565
0.65,614.4912821,22.69450667
0.65,620.5016627,785.7328356
0.65,643.3401118,800.5523138
0.65,658.7866736,20.81183011
0.65,703.0820228,20.00685262
0.65,747.3773615,19.47129989
0.65,791.6726875,19.25905689
0.65,835.968022,18.83127407
0.65,880.2634599,15.76312854
0.65,924.5588091,14.95815105
0.65,968.8541246,15.01533281
0.65,1013.149451,14.8030898
0.65,1057.444787,14.32142203
0.65,1101.740077,15.02522323
0.65,1146.035408,14.70521031
0.65,1190.33074,14.33131245
0.65,1234.626072,13.95741458
0.65,1278.921373,14.39179101
0.65,1323.216646,15.52667184
0.65,1367.511964,15.52996864
0.65,1411.807281,15.53326545
0.65,1456.10261,15.26713749
0.65,1500.397978,13.97719542
0.65,1544.693327,13.17221793
0.65,1588.988626,13.66047931
0.65,1633.283928,14.04097079
0.65,1677.579235,14.31369236
0.65,1721.874551,14.37087412
0.65,1766.169869,14.37417092
0.65,1810.465165,14.91631726
0.65,1854.76048,14.98427601
0.65,1899.055821,14.38406134
0.65,1943.351139,14.38735815
0.65,1987.646456,14.39065495
0.65,2031.941801,13.69344737
0.65,2076.237106,14.02005389
0.65,2120.532409,14.40054537
0.65,2164.827746,13.9188776
0.65,2209.123091,13.22167001
0.65,2253.418408,13.22496682
0.65,2297.713726,13.22826362
0.65,2342.009039,13.33933034
0.65,2386.304323,14.20478639
0.65,2430.599651,13.93865843
0.65,2474.89496,14.15749505
0.65,2519.190314,13.24474765
0.65,2563.485631,13.24804446
0.65,2607.780949,13.25134127
0.65,2652.076267,13.25463807
0.65,2696.371584,13.25793488
0.65,2740.666902,13.26123168
0.65,2784.962219,13.26452849
0.65,2829.257537,13.2678253
0.65,2859.458872,13.71462398
0.65,3006.438803,13.38878242
0.65,3050.734125,13.28430932
0.65,3095.029442,13.28760613
0.65,3139.32476,13.29090294
0.65,3183.620078,13.29419974
0.65,3227.915395,13.29749655
0.65,3259.940174,13.29988008
0.7,297.8050983,200.885057
0.7,306.2476115,102.3640947
0.7,294.3506765,182.6012208
0.7,294.3511873,169.5610621
0.7,294.3516982,156.5209034
0.7,294.352209,143.4807448
0.7,293.6817257,126.6865511
0.7,296.3666541,117.4005773
0.7,308.442923,226.4646216
0.7,339.2662631,301.2996447
0.7,312.4689652,247.0130501
0.7,322.5425221,82.62876894
0.7,322.5354249,263.8079431
0.7,328.5748751,284.7516778
0.7,348.7175664,68.8849221
0.7,350.7209163,326.047162
0.7,354.7471771,341.0140075
0.7,364.8136794,356.7222206
0.7,384.959704,55.76278446
0.7,374.8800173,376.6289697
0.7,385.3108567,400.9121021
0.7,401.9050333,421.8230544
0.7,411.5219974,436.063208
0.7,429.2553847,46.49786932
0.7,422.7964819,453.608988
0.7,453.6880929,498.9131372
0.7,438.9032246,470.0882055
0.7,445.3457078,482.1409529
0.7,473.5509371,40.50646509
0.7,476.8818431,527.7490744
0.7,487.5979185,540.5259215
0.7,503.9937976,562.4056777
0.7,517.8463955,36.91567512
0.7,519.838642,577.527355
0.7,546.9416032,598.3867869
0.7,529.9054403,585.6782035
0.7,562.1418778,32.71321173
0.7,558.0922242,614.9218694
0.7,576.2124942,628.7536894
0.7,588.2925168,641.9923253
0.7,606.4372587,31.09995994
0.7,607.2180943,657.4048306
0.7,620.5061149,672.0759981
0.7,650.9958438,696.8902721
0.7,632.5862555,682.3015671
0.7,650.7326734,28.6245489
0.7,670.8870691,711.5190037
0.7,695.0280733,26.52633253
0.7,690.9737267,728.5392027
0.7,711.1074883,740.6324847
0.7,739.3234515,24.98213176
0.7,731.2412081,753.7926889
0.7,755.4017637,767.2410923
0.7,783.6188131,23.86023247
0.7,781.5756725,782.4847843
0.7,817.320081,800.5652524
0.7,827.9141626,23.04918855
0.7,872.2095083,22.33649341
0.7,916.5048617,21.42374601
0.7,960.8001934,21.0678098
0.7,1005.095548,20.13710075
0.7,1049.390861,20.24816746
0.7,1093.686224,19.08395695
0.7,1137.981566,18.47655762
0.7,1182.27689,18.31045579
0.7,1226.572248,17.27848356
0.7,1270.867581,16.88538699
0.7,1315.162929,16.1188069
0.7,1359.458215,16.930378
0.7,1403.753518,17.31086948
0.7,1448.048835,17.31416629
0.7,1492.344178,16.67084366
0.7,1536.639482,17.0281038
0.7,1580.934817,16.58483343
0.7,1625.230176,15.54108479
0.7,1669.525467,16.21423237
0.7,1713.820776,16.44081276
0.7,1758.116085,16.66739316
0.7,1802.411405,16.58615139
0.7,1846.70674,16.15836857
0.7,1891.002051,16.32332024
0.7,1935.297372,16.2340132
0.7,1979.592694,16.14502766
0.7,2023.888013,16.09443951
0.7,2068.18333,16.12096765
0.7,2112.478645,16.17814941
0.7,2156.77398,15.73487903
0.7,2201.069311,15.40712234
0.7,2245.364627,15.44913803
0.7,2289.659945,15.45243484
0.7,2333.955271,15.23244806
0.7,2378.250589,15.23574486
0.7,2422.545897,15.46232526
0.7,2466.841217,15.42690318
0.7,2511.136538,15.32243008
0.7,2555.431871,14.94853221
0.7,2599.72718,15.17511261
0.7,2644.022497,15.19389697
0.7,2688.31782,15.03553891
0.7,2732.613138,15.03883572
0.7,2776.90845,15.18829983
0.7,2821.203771,15.09931428
0.7,2849.391703,15.0475273
0.7,3002.411884,15.22057112
0.7,3046.707205,15.15449542
0.7,3091.002526,15.06550988
0.7,3135.297843,15.06880668
0.7,3179.593161,15.07210349
0.7,3223.888478,15.07540029
0.7,3256.627158,15.07783696
0.7,494.9633102,551.8925897
0.75,392.6721399,200.9586104
0.75,400.0156781,103.3429336
0.75,383.6125303,180.6320827
0.75,382.9420083,164.8257798
0.75,382.9425191,151.7856212
0.75,382.9430299,138.7454625
0.75,384.9570416,123.7296721
0.75,397.0336975,222.9148083
0.75,406.6973642,242.4757656
0.75,416.0670369,87.68420205
0.75,435.2857075,300.4473262
0.75,417.1664003,262.0367829
0.75,421.1926514,277.250601
0.75,433.2728133,286.9328301
0.75,451.4020796,71.10473447
0.75,449.3789864,317.9538003
0.75,457.4321194,332.2788164
0.75,469.5120337,348.2835466
0.75,489.657523,60.98843655
0.75,479.5784954,365.0290451
0.75,491.2557609,380.1150069
0.75,509.1761653,404.8575172
0.75,497.6983145,390.369793
0.75,520.6135803,54.21677775
0.75,521.8581237,422.8731989
0.75,536.3542328,436.6652335
0.75,558.1144059,48.66285816
0.75,546.0180915,451.3262524
0.75,560.1115066,465.3553509
0.75,595.2165815,499.0845559
0.75,574.2049141,479.5820275
0.75,602.4098776,44.73255338
0.75,606.4183786,513.0739236
0.75,616.4851828,521.0765884
0.75,646.7053725,40.20951412
0.75,648.6985719,556.4948715
0.75,664.8054203,570.2771471
0.75,691.000802,37.35690841
0.75,684.9390944,584.6030624
0.75,709.0995697,600.1028917
0.75,735.2962567,33.85768326
0.75,731.2465299,617.9379449
0.75,751.3801986,632.4021649
0.75,779.5916208,32.6755111
0.75,769.5005761,643.4876485
0.75,787.6208237,657.8924451
0.75,807.7545853,669.9857272
0.75,823.8869785,31.65499379
0.75,844.4984875,697.4864027
0.75,828.6936745,683.1459912
0.75,868.1823826,29.44900752
0.75,872.1825742,709.9144831
0.75,896.3429961,726.7762844
0.75,912.4777318,28.64403003
0.75,926.5438352,739.8927827
0.75,956.7730832,27.78516758
0.75,956.7446869,752.6917447
0.75,988.9589587,765.5743568
0.75,1001.068449,26.54911047
0.75,1013.119535,778.4940035
0.75,1045.363824,25.09751354
0.75,1043.320383,791.3952827
0.75,1077.548288,798.9058004
0.75,1089.659169,24.40030595
0.75,1133.954486,24.40360276
0.75,1178.249851,23.20346894
0.75,1222.545194,22.55116548
0.75,1266.840509,22.63528972
0.75,1311.135826,22.63858652
0.75,1355.431182,21.67195417
0.75,1399.726508,21.45971117
0.75,1444.021826,21.46300797
0.75,1488.317143,21.46630478
0.75,1532.612484,20.8768671
0.75,1576.907848,19.69469494
0.75,1621.203166,19.69799174
0.75,1665.498483,19.70128855
0.75,1709.793801,19.70458535
0.75,1754.089118,19.70788216
0.75,1798.384436,19.71117896
0.75,1842.679758,19.60670586
0.75,1886.975132,18.15510893
0.75,1931.270448,18.21229069
0.75,1975.565739,18.89813024
0.75,2019.861063,18.73977219
0.75,2064.156388,18.54549083
0.75,2108.451705,18.54878764
0.75,2152.747023,18.55208444
0.75,2197.042341,18.55538125
0.75,2241.337629,19.3130674
0.75,2285.632976,18.56197486
0.75,2329.928293,18.56527167
0.75,2374.223611,18.56856847
0.75,2418.518929,18.57186528
0.75,2462.814246,18.57516208
0.75,2507.109553,18.84788365
0.75,2551.404881,18.58175569
0.75,2595.700199,18.5850525
0.75,2639.995516,18.58834931
0.75,2684.290834,18.59164611
0.75,2728.586152,18.59494292
0.75,2772.881469,18.59823972
0.75,2817.176787,18.60153653
0.75,2853.41841,18.60423392
0.75,3010.465433,18.93923231
0.75,3054.760763,18.6192194
0.75,3099.056081,18.6225162
0.75,3143.351398,18.62581301
0.75,3187.646716,18.62910982
0.75,3231.942029,18.74017653
0.8,519.8541928,180.5434338
0.8,517.841431,163.6503511
0.8,517.8421275,145.8683166
0.8,528.3099052,197.5555429
0.8,525.8964834,128.9759832
0.8,536.9667661,219.5169999
0.8,539.9911156,111.9359157
0.8,546.0264425,238.139416
0.8,558.1124509,98.57110178
0.8,558.106291,255.8235606
0.8,592.8721175,300.3997816
0.8,568.1728165,270.9390393
0.8,586.3009344,84.42660338
0.8,578.2394233,283.9799472
0.8,606.4259364,320.1388487
0.8,626.5698708,72.53898748
0.8,618.505959,333.3774847
0.8,632.5992871,349.6293375
0.8,648.7059207,368.8944071
0.8,670.8655324,63.75903692
0.8,664.8126646,385.3439879
0.8,679.5771009,402.4355978
0.8,701.0529878,418.5398164
0.8,715.1610927,57.56556411
0.8,717.1598768,431.2848067
0.8,733.2667716,443.8816133
0.8,759.4565771,53.31194961
0.8,749.3736606,456.6266036
0.8,795.1129263,494.0321377
0.8,763.4671358,469.1244713
0.8,777.5605974,481.9681008
0.8,803.7520762,48.68114045
0.8,811.5574828,503.8642766
0.8,831.9215373,520.1442477
0.8,848.0474951,46.0979595
0.8,852.0551875,535.0826552
0.8,870.1754733,548.50944
0.8,892.3429625,42.27542463
0.8,882.2557068,556.3640711
0.8,936.6383561,40.33886312
0.8,939.9725631,589.1663417
0.8,953.1712442,600.1109589
0.8,980.933737,38.72561133
0.8,988.9650548,609.9533291
0.8,1003.461265,621.1589715
0.8,1025.70909,634.0653039
0.8,1025.229105,37.43566926
0.8,1057.419943,648.5473208
0.8,1069.524461,36.46903691
0.8,1085.607335,662.2669883
0.8,1113.819854,34.5324754
0.8,1113.79473,675.9019794
0.8,1141.982157,688.7325452
0.8,1158.115202,33.78138287
0.8,1174.196406,702.2182411
0.8,1202.410561,32.70698061
0.8,1208.424005,717.5380356
0.8,1242.651678,731.0170602
0.8,1246.705879,32.71027741
0.8,1282.91965,743.7249319
0.8,1291.001258,31.15091058
0.8,1327.214428,757.5227767
0.8,1335.296584,30.93866757
0.8,1369.495807,770.6738522
0.8,1379.591948,29.75649541
0.8,1411.777253,782.1006092
0.8,1423.887274,29.5442524
0.8,1456.072082,794.5872535
0.8,1468.182596,29.4397793
0.8,1488.286669,799.4303161
0.8,1512.477957,28.31149209
0.8,1556.773288,27.99147918
0.8,1601.068605,27.99477598
0.8,1645.363935,27.67654442
0.8,1689.659308,26.27705109
0.8,1733.954632,26.11869304
0.8,1778.249969,25.63702527
0.8,1822.54528,25.80197693
0.8,1866.840625,25.10476935
0.8,1911.135968,24.46144671
0.8,1955.431285,24.46474352
0.8,1999.726603,24.46804032
0.8,2044.02192,24.47133713
0.8,2088.317238,24.47463394
0.8,2132.612556,24.47793074
0.8,2176.907852,25.02007708
0.8,2221.203168,25.07725884
0.8,2265.498485,25.08055564
0.8,2309.793803,25.08385245
0.8,2354.08912,25.08714926
0.8,2398.384438,25.09044606
0.8,2442.679753,25.14762782
0.8,2486.975067,25.25869453
0.8,2531.270391,25.10033648
0.8,2575.565708,25.10363329
0.8,2619.861026,25.10693009
0.8,2664.156343,25.1102269
0.8,2708.451661,25.1135237
0.8,2752.746979,25.11682051
0.8,2797.042296,25.12011732
0.8,2841.337609,25.23118403
0.8,2885.632921,25.37817404
0.8,2909.794014,25.12850918
0.8,3022.545742,24.86747629
0.8,3066.841049,25.14019786
0.8,3111.136366,25.14349467
0.8,3155.431684,25.14679147
0.8,3199.727001,25.15008828
0.8,3237.982048,25.15293552
0.82,602.4036966,202.523092
0.82,598.3783256,164.8418143
0.82,600.3910526,182.6239987
0.82,602.4060898,141.4291018
0.82,612.4739736,121.8696131
0.82,618.5103241,221.9434015
0.82,630.5954165,105.7604385
0.82,630.5902229,238.3432881
0.82,638.643321,253.5574059
0.82,656.7704289,92.82892017
0.82,652.7367033,268.4262116
0.82,679.715325,300.4299545
0.82,666.830074,283.5913845
0.82,695.0259498,80.73459542
0.82,695.0166489,318.1696607
0.82,707.0967102,330.4204059
0.82,721.190108,344.8940552
0.82,739.3216326,71.41579533
0.82,737.2968229,362.0845541
0.82,780.7931912,399.4004274
0.82,751.390209,376.8545707
0.82,761.4569822,385.6475481
0.82,783.6172457,63.87519869
0.82,799.7109078,414.279471
0.82,827.91273,59.6215842
0.82,819.8445393,429.6920661
0.82,839.9782684,442.6151765
0.82,858.0985601,455.8937776
0.82,872.2082333,54.88300512
0.82,878.2322768,469.133013
0.82,898.3659567,483.3107446
0.82,916.5037029,51.0065853
0.82,923.5467936,500.0447949
0.82,960.7991049,48.85448398
0.82,952.7269907,519.0863169
0.82,978.1288053,532.735919
0.82,1005.094503,46.81015257
0.82,997.0212846,545.2226185
0.82,1017.15502,557.9744944
0.82,1045.342384,572.4129701
0.82,1049.389926,44.11920171
0.82,1093.685322,42.12875525
0.82,1110.173405,603.4797168
0.82,1137.980683,41.00046804
0.82,1148.427919,617.0798931
0.82,1182.276064,39.38721625
0.82,1182.252842,632.2140753
0.82,1212.453694,645.0024527
0.82,1226.571424,38.31281399
0.82,1244.66796,658.0450091
0.82,1270.866775,37.45395155
0.82,1276.882208,671.5321163
0.82,1309.096485,684.2783054
0.82,1315.162127,36.59508911
0.82,1341.31078,696.5651253
0.82,1359.457457,36.27507619
0.82,1375.538542,707.7566339
0.82,1403.752821,35.09290403
0.82,1413.793028,722.0729212
0.82,1448.048189,33.80296196
0.82,1456.074439,734.4157225
0.82,1492.343546,32.79793221
0.82,1500.369304,745.9734928
0.82,1536.638867,32.73185651
0.82,1544.664196,756.8384566
0.82,1580.934184,32.73515331
0.82,1588.959098,767.4570892
0.82,1625.229517,32.36125545
0.82,1633.254001,778.0218368
0.82,1669.524863,31.63339424
0.82,1677.548905,788.5865844
0.82,1713.820207,30.96684028
0.82,1726.212474,800.5599396
0.82,1758.11551,31.34733175
0.82,1802.410819,31.56616837
0.82,1846.706216,29.52183696
0.82,1891.001547,29.20182404
0.82,1935.296864,29.20512085
0.82,1979.592173,29.42395747
0.82,2023.887499,29.21171446
0.82,2068.182817,29.21501127
0.82,2112.478124,29.48773284
0.82,2156.773471,28.7366403
0.82,2201.068816,28.03943272
0.82,2245.364134,28.04272952
0.82,2289.659451,28.04602633
0.82,2333.954769,28.04932313
0.82,2378.250086,28.06810749
0.82,2422.545408,27.94814684
0.82,2466.840722,28.05921355
0.82,2511.136034,28.20620356
0.82,2555.431359,28.01192221
0.82,2599.726671,28.14622025
0.82,2644.02198,28.37280065
0.82,2688.317294,28.46837981
0.82,2732.612625,28.14062312
0.82,2776.907933,28.38269107
0.82,2821.203242,28.60927146
0.82,2865.498562,28.55093954
0.82,2899.726774,28.24163227
0.82,3018.518745,28.69300825
0.82,3062.814079,28.27296921
0.82,3107.1094,28.18398367
0.82,3151.404707,28.46444901
0.82,3195.70002,28.57551573
0.82,3255.456795,28.58532216
0.84,703.0758614,177.2970309
0.84,701.0631344,159.5148465
0.84,701.0635988,147.6601568
0.84,712.4710058,198.5373826
0.84,708.4466238,135.6084384
0.84,717.1684213,213.1585162
0.84,721.1988789,120.9886036
0.84,727.234885,229.8546202
0.84,743.3471016,106.5952716
0.84,741.3281105,248.7243836
0.84,755.4214367,265.0256309
0.84,777.575808,93.66773973
0.84,769.5148209,279.845042
0.84,785.6215822,295.8500719
0.84,801.7284015,310.3732657
0.84,819.858162,81.92935539
0.84,817.8352325,324.6000921
0.84,833.9420112,340.1605712
0.84,850.0488944,353.0537451
0.84,864.1537941,73.90379417
0.84,866.1556557,369.058775
0.84,882.2625215,382.3964998
0.84,908.4493692,67.33312669
0.84,902.3961946,396.7506405
0.84,926.5567285,410.7522628
0.84,952.7448451,63.29505201
0.84,948.7038401,424.7226872
0.84,968.8376063,436.6974223
0.84,997.0403316,58.98755256
0.84,995.2353082,449.9160071
0.84,1017.158624,465.9821024
0.84,1041.335774,55.81163713
0.84,1039.305799,478.3323859
0.84,1061.452946,491.3873648
0.84,1082.090064,503.4773914
0.84,1085.63115,54.30615525
0.84,1111.78749,518.0509912
0.84,1129.926582,51.39966458
0.84,1137.961485,531.1072107
0.84,1164.135504,543.5424702
0.84,1174.221999,48.87036859
0.84,1190.309465,557.4454533
0.84,1218.51738,47.2571168
0.84,1222.523667,572.0968604
0.84,1256.751377,584.6209239
0.84,1262.812756,45.75163492
0.84,1282.925392,597.1542669
0.84,1307.10812,44.56946275
0.84,1351.403489,43.27952068
0.84,1377.55508,628.2403549
0.84,1395.698863,41.82792375
0.84,1413.796232,640.2755623
0.84,1439.994212,41.02294626
0.84,1448.023952,652.5279559
0.84,1484.289536,40.86458821
0.84,1487.559789,664.7852349
0.84,1526.546499,677.3298595
0.84,1528.58494,38.65860194
0.84,1564.80108,689.2203261
0.84,1572.880258,38.66189874
0.84,1605.069048,702.0527319
0.84,1617.175582,38.50354069
0.84,1647.350466,714.2069358
0.84,1661.47094,37.48302338
0.84,1689.631897,726.0270529
0.84,1705.766257,37.48632019
0.84,1733.926856,735.1907918
0.84,1750.061585,37.22019223
0.84,1778.22184,743.7079112
0.84,1794.356939,36.30744483
0.84,1822.516792,753.0333049
0.84,1838.652256,36.31074164
0.84,1866.811768,761.7659641
0.84,1882.947574,36.31403844
0.84,1911.106746,770.4447384
0.84,1927.242946,34.91632647
0.84,1955.401745,778.5846631
0.84,1971.538302,33.94969412
0.84,1999.696746,786.6707029
0.84,2015.83362,33.95299092
0.84,2043.99175,794.6669344
0.84,2060.128937,33.95628773
0.84,2078.219746,799.8693799
0.84,2104.424259,33.85181463
0.84,2148.719619,32.77741237
0.84,2193.014936,32.78070917
0.84,2237.310254,32.78400598
0.84,2281.605572,32.78730279
0.84,2325.900889,32.79059959
0.84,2370.196207,32.7938964
0.84,2414.491524,32.7971932
0.84,2458.786842,32.80049001
0.84,2503.082168,32.588247
0.84,2547.377477,32.80708362
0.84,2591.672795,32.81038043
0.84,2635.968112,32.81367723
0.84,2680.26343,32.81697404
0.84,2724.558747,32.82027084
0.84,2768.854065,32.82356765
0.84,2813.149383,32.82686446
0.84,2845.364159,32.82926213
0.84,3018.518591,32.62660983
0.84,3062.8139,32.84544645
0.84,3107.109217,32.84874326
0.84,3151.404535,32.85204006
0.84,3195.699853,32.85533687
0.84,3237.981726,33.39194486
0.86,835.9618489,176.4178196
0.86,833.2779847,158.5367962
0.86,844.1085269,197.8161409
0.86,844.0167853,144.7071241
0.86,854.0811457,215.0950934
0.86,860.1248866,126.5029066
0.86,864.1476461,230.8527011
0.86,876.2277074,243.1034463
0.86,890.3269195,109.1465017
0.86,890.3211322,256.885572
0.86,906.4279399,271.705133
0.86,928.582406,97.92870548
0.86,924.5482235,285.1911912
0.86,938.6416396,299.1955924
0.86,956.761825,315.1859538
0.86,972.8781453,87.16758481
0.86,974.8821108,328.6127386
0.86,992.8448807,342.0858824
0.86,1015.831458,80.08578351
0.86,1013.136097,355.6936729
0.86,1031.256373,369.3674303
0.86,1049.37667,382.5274846
0.86,1061.469298,73.9723649
0.86,1075.838251,396.7212112
0.86,1095.68446,406.8085831
0.86,1105.764799,69.28767078
0.86,1119.845008,420.4479787
0.86,1150.060237,66.21952525
0.86,1144.005602,432.8972012
0.86,1172.193039,445.4702097
0.86,1194.35567,63.25914963
0.86,1200.38044,458.9817144
0.86,1228.567836,472.5920083
0.86,1238.651091,60.62208374
0.86,1258.768648,486.4070865
0.86,1282.946557,56.85343382
0.86,1294.204359,500.2746303
0.86,1316.485763,512.5933113
0.86,1327.241904,56.10234128
0.86,1343.330963,524.009682
0.86,1371.537293,54.27354968
0.86,1373.531837,536.2476631
0.86,1407.759514,549.5867366
0.86,1415.832695,52.12144836
0.86,1441.987177,563.2962691
0.86,1460.128047,51.26258591
0.86,1480.241718,576.2286184
0.86,1504.423434,49.48767926
0.86,1518.496324,587.4929397
0.86,1548.718781,48.73658673
0.86,1556.750911,599.2258677
0.86,1593.014128,47.98549419
0.86,1601.045785,610.5450047
0.86,1637.309486,46.96497688
0.86,1645.340588,623.6962301
0.86,1681.604846,45.89057463
0.86,1669.501392,630.8108421
0.86,1725.900167,45.78610153
0.86,1762.117916,655.2815042
0.86,1770.195531,44.60392936
0.86,1806.412811,666.0617916
0.86,1814.490872,44.01449168
0.86,1850.707681,677.4886985
0.86,1858.78619,44.01778849
0.86,1895.002598,687.7301364
0.86,1903.08156,42.67396146
0.86,1939.297482,698.7978103
0.86,1947.376895,42.24617865
0.86,1982.075533,707.7218683
0.86,1991.672223,41.98005069
0.86,2027.887379,717.6461759
0.86,2035.967568,41.2828431
0.86,2072.18238,725.7322156
0.86,2080.262894,41.07060009
0.86,2116.477398,733.3871758
0.86,2124.558211,41.0738969
0.86,2160.772443,740.3416316
0.86,2168.853529,41.0771937
0.86,2205.067514,746.6494679
0.86,2213.148847,41.08049051
0.86,2249.362588,752.8495343
0.86,2257.444164,41.08378732
0.86,2293.657682,758.5646361
0.86,2301.739566,38.931686
0.86,2337.952755,764.8185875
0.86,2346.034892,38.71944299
0.86,2382.247845,770.6414593
0.86,2390.33021,38.72273979
0.86,2426.542934,776.464331
0.86,2434.625527,38.7260366
0.86,2470.838083,780.7784241
0.86,2478.920841,38.83710331
0.86,2515.133383,781.2266566
0.86,2523.21615,39.05593993
0.86,2559.428857,777.2286108
0.86,2567.51148,38.73592702
0.86,2603.724572,767.1015364
0.86,2611.806796,38.79310878
0.86,2648.020301,756.5972673
0.86,2656.102092,39.33525511
0.86,2692.316024,746.2546531
0.86,2700.39741,39.33855192
0.86,2736.61181,734.2954903
0.86,2744.692727,39.34184873
0.86,2784.263312,722.0761333
0.86,2788.988045,39.34514553
0.86,2831.914875,708.315068
0.86,2827.243095,39.27390096
0.86,2865.975609,700.1757363
0.86,2905.741076,691.1641923
0.86,2950.842169,680.8144534
0.86,2966.169401,37.17599215
0.86,2999.701685,669.6351659
0.86,3010.464688,37.96062078
0.86,3044.668557,659.068081
0.86,3054.76002,37.58672291
0.86,3099.055338,37.59001972
0.86,3088.964328,647.5130554
0.86,3143.350655,37.59331652
0.86,3187.645939,38.45877258
0.86,3231.941219,39.42122155
0.86,3256.10228,39.97264633
0.88,1030.400359,193.7062677
0.88,1029.250925,165.7629849
0.88,1041.329623,212.8298247
0.88,1043.345732,144.2774089
0.88,1053.409674,225.3345989
0.88,1063.480569,128.9172053
0.88,1069.516459,240.7468944
0.88,1093.682433,115.8792945
0.88,1087.636649,256.6038905
0.88,1105.756926,270.2677691
0.88,1133.951381,103.6791459
0.88,1125.890613,284.2578015
0.88,1146.024232,299.9972987
0.88,1178.247016,95.5889227
0.88,1178.238292,318.2846572
0.88,1200.385377,332.9268473
0.88,1222.542603,88.6949455
0.88,1222.5325,346.6206623
0.88,1244.67967,359.1092506
0.88,1266.838122,83.57917175
0.88,1268.840183,373.6330437
0.88,1295.014169,386.9150668
0.88,1311.133606,79.32555726
0.88,1329.241786,401.7845242
0.88,1355.42905,76.09575687
0.88,1361.456004,416.0533824
0.88,1389.643509,426.8893495
0.88,1399.724513,72.38099191
0.88,1421.857769,440.0800895
0.88,1444.019924,70.01335078
0.88,1456.085482,452.5135964
0.88,1488.315317,68.07678927
0.88,1492.326617,464.9825349
0.88,1526.554315,477.8006135
0.88,1532.610732,65.60137823
0.88,1562.79538,492.0437569
0.88,1576.906124,63.71870167
0.88,1603.063332,505.2943698
0.88,1621.201534,61.35106054
0.88,1641.317905,517.3988794
0.88,1665.496875,60.76162286
0.88,1681.585838,531.1245779
0.88,1709.792228,59.84887546
0.88,1725.880621,544.7607679
0.88,1754.087616,58.07396881
0.88,1770.175426,557.8581083
0.88,1798.382996,56.46071703
0.88,1814.470262,570.1471744
0.88,1842.678322,56.24847402
0.88,1858.765177,580.4424973
0.88,1886.973678,55.28184167
0.88,1903.060114,590.1450857
0.88,1931.268996,55.28513847
0.88,1947.355019,600.6990563
0.88,1975.564379,53.61800173
0.88,1991.650011,609.0114129
0.88,2019.8597,53.51352863
0.88,2035.944982,617.851842
0.88,2064.155069,52.22358656
0.88,2080.23996,626.5306163
0.88,2108.450405,51.74191879
0.88,2124.53494,635.1555056
0.88,2152.745723,51.74521559
0.88,2156.749481,641.160687
0.88,2197.041078,50.77858324
0.88,2241.336404,50.56634024
0.88,2269.50037,662.3243115
0.88,2285.631722,50.56963704
0.88,2313.795405,669.5481921
0.88,2329.927044,50.46516394
0.88,2358.090446,676.6104177
0.88,2374.222427,48.7980272
0.88,2402.385468,684.157608
0.88,2418.517744,48.801324
0.88,2446.680538,690.4654443
0.88,2462.813062,48.80462081
0.88,2490.97557,697.7647638
0.88,2507.108373,48.96957248
0.88,2535.27067,703.3235992
0.88,2551.403697,48.81121442
0.88,2579.565772,708.8231613
0.88,2595.699015,48.81451123
0.88,2623.861055,709.7155598
0.88,2639.994332,48.81780803
0.88,2668.15639,709.287777
0.88,2684.289705,47.42009606
0.88,2712.451927,703.6870387
0.88,2728.585037,47.04619819
0.88,2756.747508,696.9547163
0.88,2772.880355,47.049495
0.88,2801.043136,689.036925
0.88,2817.175672,47.0527918
0.88,2845.338831,679.3948152
0.88,2849.390449,47.05518948
0.88,2889.634438,672.0158734
0.88,2933.930131,662.4276486
0.88,2978.225809,653.2320141
0.88,2986.303234,47.44257428
0.88,3022.521432,645.4604819
0.88,3030.598566,47.06867641
0.88,3066.817108,636.3033367
0.88,3074.893884,47.07197322
0.88,3111.112801,626.7151118
0.88,3119.189201,47.07527002
0.88,3155.40844,618.5278958
0.88,3163.484519,47.07856683
0.88,3199.704078,610.3406797
0.88,3207.779836,47.08186364
0.88,3255.445478,600.6765716
0.88,3256.763554,47.2548621
0.9,1324.307637,200.3521429
0.9,1322.404924,177.6987669
0.9,1331.264675,160.1544856
0.9,1341.329471,219.4286833
0.9,1349.386032,146.2265739
0.9,1359.449688,234.6040348
0.9,1381.601361,132.1218908
0.9,1379.583324,249.8980831
0.9,1399.717067,262.4655527
0.9,1423.883698,120.8253631
0.9,1423.877593,276.6760433
0.9,1455.420499,295.3071892
0.9,1468.17937,111.7759877
0.9,1488.691962,313.1963357
0.9,1512.47495,105.0975504
0.9,1522.864132,327.5850069
0.9,1556.770451,100.4128562
0.9,1552.734151,341.7170747
0.9,1582.934945,355.9978728
0.9,1601.065993,94.69357101
0.9,1615.14919,369.5590719
0.9,1645.361434,91.52843257
0.9,1649.376864,382.9804695
0.9,1689.644742,398.1155589
0.9,1689.656883,88.19086228
0.9,1728.092483,409.082237
0.9,1733.952335,84.74552209
0.9,1770.180796,420.7747874
0.9,1778.247735,82.64730572
0.9,1812.462194,433.4408984
0.9,1822.543148,80.22577963
0.9,1854.743634,445.0293103
0.9,1866.838539,78.34310308
0.9,1899.03847,457.3183764
0.9,1911.133893,77.43035568
0.9,1943.333326,469.1224779
0.9,1955.429288,75.43990922
0.9,1987.628226,479.7770338
0.9,1999.724638,74.63493172
0.9,2031.923117,490.6830528
0.9,2044.020017,73.07556489
0.9,2076.21801,501.5172252
0.9,2088.315374,72.05504758
0.9,2120.512938,511.4712767
0.9,2132.610723,71.25007009
0.9,2164.807847,521.8923311
0.9,2176.906085,70.12178288
0.9,2209.102785,531.5949195
0.9,2221.201403,70.12507969
0.9,2253.397775,539.950384
0.9,2265.496799,68.13463323
0.9,2297.692694,550.137937
0.9,2309.792131,67.76073536
0.9,2341.987684,558.4934015
0.9,2354.087474,67.11741273
0.9,2386.282673,566.902751
0.9,2398.382813,66.58186
0.9,2430.577733,573.4800121
0.9,2442.678153,65.99242232
0.9,2474.872801,579.8417334
0.9,2486.973522,64.70248025
0.9,2519.167897,585.5029503
0.9,2531.268835,64.81354697
0.9,2563.462972,591.7030167
0.9,2575.564153,64.81684377
0.9,2607.758063,597.4791882
0.9,2619.859523,63.47301675
0.9,2652.053158,603.1871054
0.9,2664.154857,63.04523393
0.9,2696.348286,608.0310671
0.9,2708.450175,63.04853073
0.9,2740.643421,612.6774507
0.9,2752.745493,63.05182754
0.9,2782.925229,614.8898808
0.9,2797.04081,63.05512435
0.9,2841.336128,63.05842115
0.9,2885.631445,63.06171796
0.9,2921.851631,610.3199997
0.9,2929.92678,62.63393514
0.9,2966.147093,606.6591197
0.9,2974.222127,61.8828426
0.9,3010.442595,601.9528716
0.9,3018.517455,61.61671464
0.9,3054.738132,596.3413563
0.9,3099.033774,588.0787013
0.9,3143.329357,581.292494
0.9,3163.483938,61.89692895
0.9,3187.624964,573.9135522
0.9,3212.330006,61.90056446
0.9,3229.907109,567.5043897
0.9,3255.659699,62.10136756
0.9,3256.964849,564.1554735
0.92,1845.692774,201.345482
0.92,1854.75403,179.6351389
0.92,1864.819593,219.3194619
0.92,1880.929112,164.9372718
0.92,1882.939842,233.6946219
0.92,1905.086951,247.7243198
0.92,1919.184697,151.199456
0.92,1931.260905,261.8107683
0.92,1963.480429,140.641302
0.92,1961.461804,273.4136767
0.92,1994.347221,286.1928455
0.92,2007.776014,133.8012097
0.92,2025.084986,298.9788166
0.92,2052.071553,128.1465864
0.92,2064.144917,311.3826701
0.92,2096.367027,124.1623967
0.92,2104.412833,325.5310661
0.92,2140.662526,119.5315876
0.92,2146.694212,338.6875301
0.92,2184.957998,115.6012828
0.92,2188.975627,350.917173
0.92,2229.253411,113.1797567
0.92,2233.270472,362.9906993
0.92,2273.548863,109.7344165
0.92,2277.565304,375.3875353
0.92,2317.844287,107.0165232
0.92,2321.860193,386.3294776
0.92,2362.139688,104.9021413
0.92,2366.155163,395.2130147
0.92,2406.435038,104.0863868
0.92,2410.450187,402.6965694
0.92,2450.730423,102.3653651
0.92,2454.745195,410.6091509
0.92,2490.998871,102.9243181
0.92,2499.040185,418.9753925
0.92,2543.335221,426.166942
0.92,2587.630241,433.7680172
0.92,2621.468885,98.61798079
0.92,2631.925276,440.9918978
0.92,2664.153467,98.54464108
0.92,2676.220338,447.5152739
0.92,2708.448823,97.55286241
0.92,2720.515402,453.9847651
0.92,2752.744179,96.58084157
0.92,2764.810464,460.5081412
0.92,2797.039528,95.7902334
0.92,2809.105577,465.7382785
0.92,2841.334914,94.04226922
0.92,2853.40065,471.9922299
0.92,2885.630244,93.72225631
0.92,2897.695748,477.5995618
0.92,2929.925602,92.70173901
0.92,2941.990852,483.0452389
0.92,2974.22092,92.70503581
0.92,2986.28605,486.119978
0.92,3018.516264,92.03263241
0.92,3030.581287,488.170903
0.92,3062.811648,90.34069148
0.92,3074.876586,488.6591644
0.92,3107.106965,90.34398829
0.92,3119.171922,488.1774967
0.92,3151.402283,90.3472851
0.92,3163.467371,484.8399264
0.92,3195.6976,90.3505819
0.92,3207.762775,482.6339401
0.92,3257.046762,90.29829412
0.92,3256.746676,478.1183965
0.93,2337.898255,203.8170314
0.93,2357.534418,185.5490988
0.93,2356.094655,226.4688403
0.93,2376.228393,239.1647358
0.93,2394.351771,173.6509622
0.93,2406.4292,253.096244
0.93,2438.64745,164.4399321
0.93,2444.683699,267.1073829
0.93,2482.943078,156.5086695
0.93,2486.599045,279.1269327
0.93,2527.233053,292.9136425
0.93,2527.238619,150.8136325
0.93,2571.527961,303.3590735
0.93,2571.534106,146.5061331
0.93,2611.796032,313.566056
0.93,2615.829575,142.6297132
0.93,2652.064117,323.4164285
0.93,2660.125028,139.184373
0.93,2696.359065,332.8495921
0.93,2704.420442,136.708962
0.93,2740.654013,342.2827557
0.93,2732.608417,135.5615143
0.93,2784.948995,350.8537601
0.93,2829.243996,358.9397999
0.93,2856.53078,129.0686199
0.93,2873.538995,367.0797246
0.93,2901.736298,127.78023
0.93,2917.834021,374.5191449
0.93,2946.03165,126.9154297
0.93,2962.129062,381.5813706
0.93,2992.495325,125.5096599
0.93,3005.561232,388.0088666
0.93,3034.622361,124.9851339
0.93,3050.719212,393.9707265
0.93,3078.917719,123.9646166
0.93,3095.014354,398.4572514
0.93,3123.213085,122.7285595
0.93,3139.309585,400.6698313
0.93,3167.508453,121.4386175
0.93,3183.604848,402.0741369
0.93,3211.803792,120.9045492
0.93,3227.900162,402.1852036
0.93,3255.850565,119.723843
0.93,3257.715268,402.1782937
